CGGCATGAACCGGAGGCCCATCCTCACCATCATCA,358904
CGACATGAACCGGAGGCCCATCCTCACCATCATCA,571
CGGCATGAACTGGAGGCCCATCCTCACCATCATCA,552
CGGTATGAACCGGAGGCCCATCCTCACCATCATCA,295
TGGCATGAACCGGAGGCCCATCCTCACCATCATCA,196
CGGCATGAACCAGAGGCCCATCCTCACCATCATCA,171
CAGCATGAACCGGAGGCCCATCCTCACCATCATCA,146
CGGCATGAACCGGAGGTCCATCCTCACCATCATCA,142
CGGCATGAACCGGGGGCCCATCCTCACCATCATCA,139
CGGCGTGAACCGGAGGCCCATCCTCACCATCATCA,88
CGGCACGAACCGGAGGCCCATCCTCACCATCATCA,85
CGGCATGAACCTGAGGCCCATCCTCACCATCATCA,83
CGGCATGAACCGGATGCCCATCCTCACCATCATCA,77
CGTCATGAACCGGAGGCCCATCCTCACCATCATCA,76
CGGCATGAATCGGAGGCCCATCCTCACCATCATCA,74
CGGCATGAACCGGAGTCCCATCCTCACCATCATCA,71
CGGCATGAACCGGAGGCCCATCCTCACCACCATCA,70
CGGCATGAACCGGAGGCTCATCCTCACCATCATCA,68
CGGCATGAACCGGAGACCCATCCTCACCATCATCA,65
CGGCATGAACCGGAGGCCCATCCTCACCATCACCA,64
CGGCATGAACCGGAGGCCCATCCCCACCATCATCA,61
CGGCATGAACCGGAGGCCCGTCCTCACCATCATCA,59
CTGCATGAACCGGAGGCCCATCCTCACCATCATCA,54
CGGCATGAACCGGAGGCCTATCCTCACCATCATCA,53
CGGCATGAACCGGTGGCCCATCCTCACCATCATCA,52
CGGCATGAACCGGAGGCCCATCCTCGCCATCATCA,50
CGGCATGGACCGGAGGCCCATCCTCACCATCATCA,48
CGGCATGAACCGGAGGCCCATCCTCACTATCATCA,48
CGGCATGAGCCGGAGGCCCATCCTCACCATCATCA,47
CGGCATGAACCGGAGGCCCATCATCACCATCATCA,47
CGGCATGAACCGGAGGCCCACCCTCACCATCATCA,45
CGGCATTAACCGGAGGCCCATCCTCACCATCATCA,44
CGGCATGAACCGGAGGCACATCCTCACCATCATCA,44
CGGCATGAACCGGAGGCCCATCCTCATCATCATCA,43
CGGCATGAACCGGAGGCCAATCCTCACCATCATCA,41
CGGCATGAACCGGAGGCCCATCCTCACCATCGTCA,41
CGGCATGAACCGGAGGCCCATCCTCACCGTCATCA,39
CGGCATGAACCGGAGGCCCATCCTCCCCATCATCA,38
CGGCATAAACCGGAGGCCCATCCTCACCATCATCA,38
CGGCATGAACCGGAGGCCCATCCTCTCCATCATCA,34
CGGCATGAACCGGAGGCCCATCCTCACCCTCATCA,34
CGGCATGAACCGGAGGCCCATCTTCACCATCATCA,33
CGGCATGAACCGGAGGCCCATCCTTACCATCATCA,33
CGGCATGAACCGGAAGCCCATCCTCACCATCATCA,32
CGGCATGAACCGGAGGCCCATCCTCACAATCATCA,31
CGGCATGAACCGGCGGCCCATCCTCACCATCATCA,31
CGGCATGAACCGTAGGCCCATCCTCACCATCATCA,31
CGGCATGAACCGGAGGCCCATCCTCACCATCATTA,30
CGGCATGAACCGGAGGCCCCTCCTCACCATCATCA,30
CGGCATGAACCGAAGGCCCATCCTCACCATCATCA,27
CGGCATGAACCGGAGGCCCATCCTAACCATCATCA,26
CGGCATGAAACGGAGGCCCATCCTCACCATCATCA,26
CGGCATGAACCGGAGGCCCATCCTCACCATTATCA,25
CGGCATGAACCGGAGGCCCATCCTCACCATAATCA,24
CGGCATGCACCGGAGGCCCATCCTCACCATCATCA,24
CGGCATGAACCGGAGGCCCATCCTCACCATCATAA,24
CGGCATGAACCGGAGGCCCTTCCTCACCATCATCA,22
CGGCATGAACCGGAGGCCCATACTCACCATCATCA,20
CGGCATGAACCGGAGGCCCAACCTCACCATCATCA,19
CGGCATGAACAGGAGGCCCATCCTCACCATCATCA,19
CGGCATGAACCGGAGGCCCATCCTCACCAACATCA,19
CGGCATGAACCGGAGGCCCATCCTCACCATCTTCA,18
CGGCATGAACCGGAGGCCCATCCTCACCATCATCG,17
CGCCATGAACCGGAGGCCCATCCTCACCATCATCA,17
CGGCATGAACCGGAGGCCCATTCTCACCATCATCA,17
CGGCATGAACCGGAGGCCCATCCTCACCTTCATCA,16
CGGCATGAACCGGAGGCCCATCCTCACCATCCTCA,15
CGGCATGATCCGGAGGCCCATCCTCACCATCATCA,15
CGGCATGAACCGGAGGACCATCCTCACCATCATCA,15
CGGCATGAACCGGAGGCCCATCCTCACCATCAACA,13
CGGCTTGAACCGGAGGCCCATCCTCACCATCATCA,13
CGGCATGAACCGGAGGCCCATCCTCACCATCATCT,13
AGGCATGAACCGGAGGCCCATCCTCACCATCATCA,13
CGGCATGAACCGGAGGCCCATCCACACCATCATCA,11
CGGCATGAACCGGAGGCCCATCGTCACCATCATCA,11
CGGCATGAACCGGAGGCCCATGCTCACCATCATCA,10
CGGAATGAACCGGAGGCCCATCCTCACCATCATCA,10
CGGCATGAACCGGACGCCCATCCTCACCATCATCA,10
CGGCATGAACCGGAGGCGCATCCTCACCATCATCA,9
CGGCCTGAACCGGAGGCCCATCCTCACCATCATCA,9
CGGCATGAACCGGAGCCCCATCCTCACCATCATCA,9
GCGGCATGAACCGGAGGCCCATCCTCACCATCATC,8
CGGCAAGAACCGGAGGCCCATCCTCACCATCATCA,8
CGGCATGAACCGGAGGCCCATCCTCAACATCATCA,8
CGGCATGAAGCGGAGGCCCATCCTCACCATCATCA,8
GGGCATGAACCGGAGGCCCATCCTCACCATCATCA,7
CGGCATGAACCGGAGGCCGATCCTCACCATCATCA,7
CGGCATGACCCGGAGGCCCATCCTCACCATCATCA,6
CGGCATCAACCGGAGGCCCATCCTCACCATCATCA,6
CGGCATGTACCGGAGGCCCATCCTCACCATCATCA,6
CGGCATGAACCGGAGGCCCATCCTCACGATCATCA,5
CGGCATGAACCGGAGGCCCATCCTGACCATCATCA,5
CGGCATGAACCGGAGGCCCATCCTCACCATCAGCA,4
CGGGATGAACCGGAGGCCCATCCTCACCATCATCA,4
CGGCATGAACCGGAGGCCCATCCTCAGCATCATCA,4
CGGCAGGAACCGGAGGCCCATCCTCACCATCATCA,4
CGGCATGAACCGCAGGCCCATCCTCACCATCATCA,4
CGGCATGAACCCGAGGCCCATCCTCACCATCATCA,3
CGGCATGAACCGGAGGCCCATCCTCACCATCATGA,3
CGGCATGAACGGGAGGCCCATCCTCACCATCATCA,3
CGGCATGAACCGGAGGGCCATCCTCACCATCATCA,3
CGGCATGAACCGGAGGCCCATCCGCACCATCATCA,3
CGGCATGAACCGGAGTCCCATCCTCCCCATCATCA,2
CGGCAGGAACCGGAGGCCCATCCACACCATCATCA,2
CTGCATGAACCGTAGGCCCATCCTCACCATCATCA,2
CGGCATGAACCGGAGGCCCATCCTCACCATGATCA,2
CGGCATGAACCGGCGGCCCATCCTCCCCATCATCA,2
CGGCATTAACCGGAGTCCCATCCTCACCATCATCA,2
CGGCATGAACTGGAGGCCCATCCCCACCATCATCA,2
CGGCATGAACCTGAGTCCCATCCTCACCATCATCA,2
CGGCATTAACCTGAGGCCCATCCTCACCATCATCA,2
CGTCATGAACCGTAGGCCCATCCTCACCATCATCA,2
CCGCATGAACCGGAGGCCCATCCTCACCATCATCA,2
CGGCATGAACTGGAGTCCCATCCTCACCATCATCA,1
CTGCATTAACCGTAGGCCCATCCTCACCATCATCA,1
CGGCATGAACCTTAGGCCCATCCTCACCCTCATCA,1
AAGGCAGGGCTGTACATGTATCCAGCTCTACACAG,1
CGGCATTAACTGGAGGCCCATCCTCACCATCATCA,1
CGTCCTTAACCGTCTGCCCATCCTCCCCATCATCA,1
CGGCCTGAACCGGAGGCCCCTCCTCCCCATCATCA,1
CGTCATTAACCGTATTCCCATCCTCACCATCATCA,1
CGGCATGAACCGGATTCCCATCCTCACCATCATCA,1
CGGTATGAACTGGAGGCCCATCCTCACCATCATCA,1
CGGCCTGACCCGGAGGCCCCTCCTCACCATCCTCA,1
CGGCATGAATCGGAGGCCCATCCTCACCATGATCA,1
CGGCATGAACCGGAGGCCCAGCCTCACCATCATCA,1
CGTCATGAACCGGATGCCCATCCTCACCATCATCA,1
CGGCATGAACCGGAGGCCCATCCTCACCAGCATCA,1
CGGCATTAACCGGATGCCCATCCTCACCCTCATCA,1
CGGCATGAACCGCGGGCCCATCCTCACCATCATCA,1
CGGCATGACCCGGAGGCCCCTCCTCACCATCATCA,1
CGGCATGAACCGAAGGCCCGTCCTCACCATCATCA,1
CGACATGAACCGGAGGCCCATCCTCACCATCGTCA,1
CGGCATGAACTGGAGGCTCATCCTCACCATCATCA,1
AGTCATGAACCGGAGGCCCATCCTCACCATCATCA,1
CGGCATGAACCTGATGCCCATCCTCACCATCATCA,1
CGTCATGCCCCTTATTCCCATCCTCACCCTCCTCC,1
CGGCATGTACCGGAGGCCCATCCTCACCATCACCA,1
CTGCATGAACCGGCGGCCCATCCTCACCATCATCA,1
CTGCATGAACTGGAGGCTCATCCTCACCATCATCA,1
CGGCATGCACCGGAGGCCCCTCCTCACCATCATCA,1
CGGCATGCACCGGAGGCCCATCCTCACCCTCATCA,1
CGGCATGAACTGGAGGCCCATCCTCACCCTCATCA,1
CGGCATGAACCGTATGCCCATCCTCACCATCATCA,1
CGGCATGAACCGGATGCCCCTCCTCACCATCATCA,1
CTGCATGAACCGGAGGCTCATCCTCACCATCATCA,1
CGGTATGAACCGGAGGTCCATCCTCACCATCATCA,1
CGGCATGAACCGGAGGACCATCCACAACATCATCA,1
CGGCCTGAACCGGAGTCCCATCCTCACCATCATCA,1
CGGTATGAACCGGAGGCCCATCCTCACCATCGTCA,1
CGGCATGAACCGGAGGCCCATCCTCACCATCATCC,1
CTGCATGAACCGGAGGCCCATCCTCACCCTCATCA,1
CTTCATGAACCGGAAGCCCATCCTCACCATCATCA,1
CGTCATTAACCGTATGCCCATCCTCACCATCATCA,1
CGTCATGAACCGGAGTCCCATCCTCACCATCATCA,1
CGTCCTGAACCGGAGGCCCATCCTCACCATCATCA,1
CGACATTAACCGGAGGCCCATCCTCACCATCATCA,1
CGGCATGAACCGGTGGCCTATCCTCACCATCATCA,1
CGGCATGCACCGGATGCCCATCCTCACCATCATCA,1
CGGCATGAACCGGAGGCCCCTCCTCCCCATCATCA,1
CGGCATGAACTGGAGGCCCATCCTCACCATTATCA,1
TGGCATGAACCGGAGGTCCATCCTCACCATCATCA,1
CGGCATGAACCGGAGGCCCATCCTCCCCCTCATCA,1
CGTCATTAACCAAATGCCCATCCTCACCCTCATCA,1
CTGCATGCACCGGATGCCCATCCTCACCATCATCA,1
CGATATGAACCGGAGGCCCATCCTCACCATCATCA,1
CGGCATGAACCAGAGGCCCATTCTCACCATCATCA,1
CGGCATTAACCGGATTCCCATCCTCACCATCATCA,1
CGGCATGAACTGGAGGCCCATCCTCACCATCAATC,1
CGTCATTAACCGTATGCCCATCCTCCCCATCATCA,1
CGTCATTAACCGGATGCCCATCCTCACCATCATCA,1
CGGCATGAACCGTAGGCCCATCCTCACCATCCTCA,1
GGGCATGAACCGGAGGCGCAGCCTCACCAGCATCA,1
CGTCATGAACCTGAGGCCCATCCTCACCATCATCA,1
CTGCATGAACCTGAGTCCCATCCTCACCATCATCA,1
CGACATGAACCGGAGGCCCCTCCTCACCATCATCA,1
CGTCATGACCCGGAGGCCCATCCTCACCATCATCA,1
CGGCATTAATCGGAGGCCCATCCTCACCATCATCA,1
CGACATGAACCAGAGGCCCATCCTCACCATCATCA,1
CGGCATGAACCGTAGTCCCATCCTCACCATCATCA,1
CGGCCTGAACCGTAGGCCCATCCTCACCATCATCA,1
CGGCATGAACTGGAAGCCCATCCTCACCATCATCA,1
CGGCATTAACCGGCGGCCCATCCTCACCATCATCA,1
AAGCATGAACCGGAGGCCCATCCTCACCATCATCA,1
CAGCATGAACCGGAGGCCCACCCTCACCATCATCA,1
CGGCCTGAACCGGAGGCCCCTCCTCACCATCATCA,1
CGGCATGAACCAGAGGCCCATCCTCATCATCATCA,1
CGGCATGCACCGGAGGCCCATCCTCACCATCCTCA,1
CGTCATGAACCGGCTGCCCATCCTCACCATCATCA,1
CGGCATGAACTGGAGGCCTATCCTCACCATCATCA,1
CGGGATGAACCGGAGGCCAATCCTCACCATCATCA,1
